{
  "learned_patterns": [],
  "effectiveness_scores": {},
  "pattern_frequencies": {
    "name": 0.7,
    "to": 0.94375,
    "t": 0.7999999999999999,
    "that": 0.9249999999999999,
    "quite": 0.7,
    "something": 0.7,
    "exactly": 0.7,
    "it": 0.8749999999999999,
    "carrying": 0.7,
    "can": 0.7,
    "sadness": 0.7,
    "been": 0.8999999999999999,
    "heavy": 0.7,
    "like": 0.9375,
    "not": 0.8749999999999999,
    "lately": 0.7,
    "ve": 0.7,
    "m": 0.8999999999999999,
    "feeling": 0.8499999999999999,
    "belong": 0.7,
    "but": 0.94375,
    "doesn": 0.7,
    "s": 0.8999999999999999,
    "we": 0.8999999999999999,
    "things": 0.8999999999999999,
    "talked": 0.8999999999999999,
    "mid": 0.8999999999999999,
    "about": 0.8999999999999999,
    "even": 0.8999999999999999,
    "with": 0.9375,
    "for": 0.9375,
    "also": 0.8999999999999999,
    "really": 0.8999999999999999,
    "ended": 0.8999999999999999,
    "are": 0.8999999999999999,
    "along": 0.8999999999999999,
    "fighting": 0.8999999999999999,
    "dealing": 0.8999999999999999,
    "both": 0.8999999999999999,
    "wonderful": 0.8999999999999999,
    "relationship": 0.8999999999999999,
    "where": 0.8999999999999999,
    "final": 0.8999999999999999,
    "marriage": 0.8999999999999999,
    "back": 0.8999999999999999,
    "10": 0.8999999999999999,
    "right": 0.7,
    "on": 0.9249999999999999,
    "started": 0.8999999999999999,
    "paperwork": 0.8999999999999999,
    "in": 0.8999999999999999,
    "had": 0.8999999999999999,
    "april": 0.8999999999999999,
    "august": 0.8999999999999999,
    "have": 0.9375,
    "new": 0.8999999999999999,
    "lot": 0.9375,
    "kids": 0.8999999999999999,
    "grief": 0.8999999999999999,
    "and": 0.7124999999999999,
    "woman": 0.8999999999999999,
    "headed": 0.8999999999999999,
    "need": 0.8999999999999999,
    "of": 0.9375,
    "fresh": 0.8999999999999999,
    "now": 0.7,
    "feel": 0.71875,
    "40": 0.8999999999999999,
    "though": 0.8999999999999999,
    "move": 0.8999999999999999,
    "filing": 0.8999999999999999,
    "today": 0.8999999999999999,
    "she": 0.8999999999999999,
    "years": 0.8999999999999999,
    "her": 0.8999999999999999,
    "this": 0.8999999999999999,
    "so": 0.7,
    "year": 0.8999999999999999,
    "decline": 0.8999999999999999,
    "cognizant": 0.8999999999999999,
    "job": 0.7,
    "part": 0.7,
    "do": 0.7,
    "when": 0.7,
    "how": 0.7,
    "sometimes": 0.7,
    "getting": 0.7,
    "frustrated": 0.7,
    "into": 0.7,
    "nothing": 0.7,
    "walls": 0.7,
    "system": 0.7,
    "every": 0.7,
    "create": 0.7,
    "idiot": 0.7,
    "try": 0.7,
    "runs": 0.7,
    "enough": 0.8499999999999999,
    "feels": 0.8749999999999999,
    "guess": 0.8499999999999999,
    "intelligence": 0.8499999999999999,
    "good": 0.8499999999999999,
    "ambition": 0.8499999999999999,
    "never": 0.8499999999999999,
    "issues": 0.8499999999999999,
    "compared": 0.8499999999999999,
    "don": 0.7999999999999999,
    "you": 0.7999999999999999,
    "think": 0.7,
    "through": 0.7,
    "going": 0.7,
    "what": 0.7999999999999999,
    "days": 0.8999999999999999,
    "just": 0.8999999999999999,
    "before": 0.8999999999999999,
    "trying": 0.8999999999999999,
    "than": 0.8999999999999999,
    "slightly": 0.8999999999999999,
    "responding": 0.8999999999999999,
    "re": 0.8999999999999999,
    "these": 0.8999999999999999,
    "thank": 0.8999999999999999,
    "better": 0.8999999999999999,
    "figure": 0.8999999999999999,
    "myself": 0.8999999999999999,
    "out": 0.8999999999999999,
    "anyone": 0.8999999999999999,
    "or": 0.8999999999999999,
    "created": 0.8999999999999999,
    "pay": 0.8999999999999999,
    "compelled": 0.8999999999999999,
    "why": 0.8999999999999999,
    "creating": 0.8999999999999999,
    "waiting": 0.8999999999999999,
    "nonetheless": 0.8999999999999999,
    "finish": 0.8999999999999999,
    "clear": 0.8999999999999999,
    "there": 0.8999999999999999,
    "willing": 0.8999999999999999,
    "systems": 0.8999999999999999,
    "based": 0.8999999999999999,
    "adopt": 0.8999999999999999,
    "know": 0.8999999999999999,
    "important": 0.8999999999999999,
    "emotional": 0.8999999999999999,
    "deeply": 0.8999999999999999,
    "joyful": 0.5,
    "alive": 0.5
  },
  "last_updated": "2025-11-01T16:09:04.897631"
}